,Coordinates,cities,temperature,humidity,cloudy,windspeed,lats,longs
0,"(87.89553038304715, -84.1256648769043)",qaanaaq,258.517,87.0,68.0,1.38,87.89553038304715,-84.1256648769043
1,"(-42.48490158165182, 81.91580064167374)",mahebourg,302.15,66.0,75.0,6.7,-42.48490158165182,81.91580064167374
2,"(13.88897495265914, -66.49265256023996)",rincon,276.06,97.0,1.0,1.13,13.88897495265914,-66.49265256023996
3,"(-6.211890836465841, 101.60577751602182)",bengkulu,,,,,-6.211890836465841,101.60577751602182
4,"(24.656898807051178, 80.97593245333331)",kotar,272.39,92.0,75.0,0.5,24.656898807051178,80.97593245333331
5,"(-2.4128430663384535, -168.89718564944974)",saleaula,,,,,-2.4128430663384535,-168.89718564944974
6,"(-74.00359076285247, -132.05256702360083)",rikitea,296.317,100.0,92.0,5.18,-74.00359076285247,-132.05256702360083
7,"(-29.210980052577504, 10.93172531315588)",luderitz,289.367,83.0,0.0,7.28,-29.210980052577504,10.93172531315588
8,"(-12.69303087349192, 136.787313878502)",nhulunbuy,306.15,55.0,75.0,10.8,-12.69303087349192,136.787313878502
9,"(-68.74142762783036, -37.129622168649746)",ushuaia,283.15,76.0,90.0,2.6,-68.74142762783036,-37.129622168649746
10,"(-8.184192993385906, -134.86550019288094)",atuona,300.567,100.0,0.0,6.93,-8.184192993385906,-134.86550019288094
11,"(-80.28176747733454, 32.46534357245778)",port elizabeth,273.52,84.0,1.0,2.33,-80.28176747733454,32.46534357245778
12,"(56.66840313691293, 26.1122528600346)",madona,269.367,89.0,88.0,3.93,56.66840313691293,26.1122528600346
13,"(24.461390463244328, 36.09733062951577)",umm lajj,291.417,100.0,0.0,2.88,24.461390463244328,36.09733062951577
14,"(81.41828511988794, -12.728400526375282)",illoqqortoormiut,,,,,81.41828511988794,-12.728400526375282
15,"(-56.65186281331194, -146.64505092677172)",mataura,295.317,56.0,24.0,4.33,-56.65186281331194,-146.64505092677172
16,"(34.867963854167385, 89.50177065066316)",lasa,285.46,62.0,75.0,9.8,34.867963854167385,89.50177065066316
17,"(-46.429565074019806, -160.14295657036502)",avarua,298.15,78.0,90.0,2.1,-46.429565074019806,-160.14295657036502
18,"(66.58324467907264, 100.23920301208182)",tura,296.192,60.0,0.0,2.98,66.58324467907264,100.23920301208182
19,"(52.26796161625302, -142.4497618687921)",sitka,271.792,68.0,0.0,3.88,52.26796161625302,-142.4497618687921
20,"(-64.53519682463718, 140.97097394757827)",hobart,295.15,64.0,75.0,7.2,-64.53519682463718,140.97097394757827
21,"(-83.22301186302181, 56.90151325830013)",east london,293.15,68.0,0.0,3.6,-83.22301186302181,56.90151325830013
22,"(70.55714961418792, 144.03855259424836)",belaya gora,236.267,0.0,44.0,1.58,70.55714961418792,144.03855259424836
23,"(-4.604504928758232, 72.4545098075981)",hithadhoo,300.042,100.0,64.0,5.23,-4.604504928758232,72.4545098075981
24,"(-44.07269500146132, -70.36250738943147)",coihaique,281.05,76.0,0.0,2.1,-44.07269500146132,-70.36250738943147
25,"(-24.800934993393724, -81.18750275439598)",taltal,285.467,100.0,44.0,1.08,-24.800934993393724,-81.18750275439598
26,"(8.457532197856139, 63.31665944841268)",kavaratti,300.967,100.0,36.0,3.93,8.457532197856139,63.31665944841268
27,"(8.744196905917704, -0.6218838977497114)",salaga,298.142,89.0,24.0,3.23,8.744196905917704,-0.6218838977497114
28,"(2.4671785887485242, -88.98792711069605)",puerto baquerizo moreno,297.167,98.0,92.0,4.78,2.4671785887485242,-88.98792711069605
29,"(54.61256426385913, -9.6751178756532)",ballina,280.467,100.0,92.0,10.58,54.61256426385913,-9.6751178756532
30,"(63.99142497243838, 67.89821454175265)",oktyabrskoye,265.15,92.0,75.0,6.0,63.99142497243838,67.89821454175265
31,"(88.69706287429977, 9.973757267585597)",barentsburg,,,,,88.69706287429977,9.973757267585597
32,"(-86.82126166196677, -112.02037941591506)",punta arenas,283.15,76.0,75.0,4.1,-86.82126166196677,-112.02037941591506
33,"(-28.803281867808522, -91.45682154133362)",lebu,287.567,55.0,0.0,1.78,-28.803281867808522,-91.45682154133362
34,"(-76.35417717910681, 120.70157112415575)",albany,264.23,64.0,75.0,2.1,-76.35417717910681,120.70157112415575
35,"(-76.21497901935004, 69.48684406544095)",taolanaro,,,,,-76.21497901935004,69.48684406544095
36,"(28.97540290221818, -150.17340752627604)",kahului,295.63,76.0,40.0,5.1,28.97540290221818,-150.17340752627604
37,"(36.844161953073524, 174.22407565086536)",nikolskoye,273.15,90.0,90.0,4.0,36.844161953073524,174.22407565086536
38,"(-87.38050808507647, 124.88093402986715)",new norfolk,295.15,64.0,75.0,7.2,-87.38050808507647,124.88093402986715
39,"(11.765691696210908, 115.43650283523948)",tagusao,301.567,83.0,80.0,5.43,11.765691696210908,115.43650283523948
40,"(-0.38750888317402143, -36.244522046761006)",caucaia,300.15,74.0,75.0,6.2,-0.38750888317402143,-36.244522046761006
41,"(-44.744284559112955, 31.36198681157515)",port alfred,293.192,90.0,12.0,4.58,-44.744284559112955,31.36198681157515
42,"(-18.669316512606272, 17.10007246588026)",tsumeb,295.15,46.0,20.0,2.1,-18.669316512606272,17.10007246588026
43,"(53.09553199037725, 139.3057571819424)",mago,249.967,69.0,12.0,1.13,53.09553199037725,139.3057571819424
44,"(27.512190372541752, -139.8071638107541)",hilo,297.05,73.0,75.0,3.1,27.512190372541752,-139.8071638107541
45,"(10.531002474268561, -22.65251498827479)",praia,295.15,73.0,0.0,1.5,10.531002474268561,-22.65251498827479
46,"(9.398147548164559, 31.218394242915878)",malakal,,,,,9.398147548164559,31.218394242915878
47,"(77.30736974615161, 51.707710672848066)",belushya guba,,,,,77.30736974615161,51.707710672848066
48,"(-0.15508241682005064, 130.12723348454273)",sorong,300.892,100.0,68.0,2.78,-0.15508241682005064,130.12723348454273
49,"(9.19895415452504, 39.83360413843269)",metehara,,,,,9.19895415452504,39.83360413843269
50,"(-1.756037347375269, -9.09448307935969)",harper,284.25,84.0,1.0,2.1,-1.756037347375269,-9.09448307935969
51,"(0.7064351702790646, 135.60700964141859)",biak,303.117,81.0,24.0,1.38,0.7064351702790646,135.60700964141859
52,"(89.46938524906741, 29.73521803209536)",longyearbyen,275.15,93.0,75.0,13.4,89.46938524906741,29.73521803209536
53,"(-61.04038106464498, 77.05015827149487)",souillac,279.6,93.0,90.0,3.1,-61.04038106464498,77.05015827149487
54,"(21.708872461392772, -173.40726587092556)",kapaa,297.04,66.0,75.0,10.3,21.708872461392772,-173.40726587092556
55,"(53.8948083463568, -118.99158276130353)",wembley,275.4,91.0,8.0,5.7,53.8948083463568,-118.99158276130353
56,"(18.492314269828157, 4.3276132639823)",kidal,280.417,76.0,0.0,1.88,18.492314269828157,4.3276132639823
57,"(64.16811261740071, 86.55470731262045)",turukhansk,261.717,76.0,80.0,5.18,64.16811261740071,86.55470731262045
58,"(72.20626388564824, 122.78911820508813)",zhigansk,244.142,29.0,56.0,4.28,72.20626388564824,122.78911820508813
59,"(-11.59163417225838, 116.9822253451037)",praya,305.15,66.0,75.0,4.1,-11.59163417225838,116.9822253451037
60,"(40.12230633742345, 49.92129785239672)",zig,272.59,95.0,1.0,3.1,40.12230633742345,49.92129785239672
61,"(2.7718600454289657, 46.71532108961574)",mahadday weyne,,,,,2.7718600454289657,46.71532108961574
62,"(65.66633057399844, 136.30442290042743)",batagay,232.567,0.0,44.0,1.18,65.66633057399844,136.30442290042743
63,"(40.40627975038319, -46.421196897432225)",torbay,270.15,79.0,90.0,7.7,40.40627975038319,-46.421196897432225
64,"(72.14819006401069, 45.63966008593741)",kamenka,268.067,96.0,76.0,2.73,72.14819006401069,45.63966008593741
65,"(-16.92506540726184, -92.93378856061152)",huarmey,287.642,92.0,32.0,0.93,-16.92506540726184,-92.93378856061152
66,"(27.172753294669832, 163.3537857801308)",sentyabrskiy,,,,,27.172753294669832,163.3537857801308
67,"(70.28414880711222, 150.92169229020408)",chokurdakh,241.792,37.0,48.0,5.28,70.28414880711222,150.92169229020408
68,"(38.88104681558724, -37.86121287746502)",ribeira grande,290.867,97.0,20.0,10.13,38.88104681558724,-37.86121287746502
69,"(-23.773794242704113, 153.33596316624767)",bundaberg,302.15,51.0,48.0,7.7,-23.773794242704113,153.33596316624767
70,"(44.06691194836432, 113.03052538793861)",erenhot,264.692,41.0,0.0,2.13,44.06691194836432,113.03052538793861
71,"(-43.82002597984704, 160.9736484636765)",te anau,287.692,99.0,92.0,1.58,-43.82002597984704,160.9736484636765
72,"(25.25061362482944, -132.16461257763734)",lompoc,282.42,83.0,1.0,3.33,25.25061362482944,-132.16461257763734
73,"(-35.70923235491559, 101.83973682729606)",busselton,298.042,73.0,0.0,0.93,-35.70923235491559,101.83973682729606
74,"(74.1556236127654, 142.46515397845275)",deputatskiy,236.767,0.0,8.0,1.23,74.1556236127654,142.46515397845275
75,"(81.73398237594304, -55.664383708159406)",upernavik,266.442,100.0,68.0,3.33,81.73398237594304,-55.664383708159406
76,"(39.11125231309907, 84.18782643954125)",kuche,,,,,39.11125231309907,84.18782643954125
77,"(66.80910830736696, 36.31197915644634)",lovozero,256.317,59.0,0.0,1.63,66.80910830736696,36.31197915644634
78,"(-24.37474366026123, 15.353338118043638)",walvis bay,290.15,82.0,90.0,2.1,-24.37474366026123,15.353338118043638
79,"(78.60742310504347, 175.00785312786013)",komsomolskiy,264.717,80.0,0.0,6.98,78.60742310504347,175.00785312786013
80,"(60.89028993237261, -170.585148016856)",provideniya,261.15,72.0,90.0,6.0,60.89028993237261,-170.585148016856
81,"(-24.527568356552052, 20.701344242684087)",hukuntsi,300.567,23.0,44.0,6.38,-24.527568356552052,20.701344242684087
82,"(55.046217179709515, -116.11689033472645)",high prairie,270.067,61.0,32.0,3.43,55.046217179709515,-116.11689033472645
83,"(-14.37688539585075, 15.57358308478652)",caconda,290.817,56.0,32.0,1.63,-14.37688539585075,15.57358308478652
84,"(19.173197703209368, 168.0433559102699)",butaritari,302.892,100.0,68.0,7.23,19.173197703209368,168.0433559102699
85,"(70.29626185874915, -178.82916610352896)",mys shmidta,,,,,70.29626185874915,-178.82916610352896
86,"(6.684781911225755, -178.7733147391326)",vaitupu,,,,,6.684781911225755,-178.7733147391326
87,"(-20.03494534453162, 125.33612191464874)",broome,277.89,75.0,80.0,4.6,-20.03494534453162,125.33612191464874
88,"(-49.676662439278466, 127.15074800581448)",esperance,297.15,88.0,20.0,2.23,-49.676662439278466,127.15074800581448
89,"(-88.64453966750274, 20.067421569402597)",bredasdorp,292.15,63.0,80.0,2.1,-88.64453966750274,20.067421569402597
90,"(-10.302743028186, 14.579059420756408)",kibala,292.15,68.0,0.0,3.18,-10.302743028186,14.579059420756408
91,"(-39.93562900005665, -42.38433313637526)",cidreira,294.567,93.0,36.0,3.88,-39.93562900005665,-42.38433313637526
92,"(-9.424261595369572, -83.22993810859965)",chicama,294.15,88.0,40.0,2.1,-9.424261595369572,-83.22993810859965
93,"(-25.327244673686153, 57.326365434008466)",saint-philippe,255.45,84.0,1.0,1.0,-25.327244673686153,57.326365434008466
94,"(-3.7048517751976817, -16.976035529832586)",georgetown,297.15,94.0,40.0,1.0,-3.7048517751976817,-16.976035529832586
95,"(76.80384671520721, 42.94450232750364)",ostrovnoy,266.217,89.0,0.0,7.03,76.80384671520721,42.94450232750364
96,"(-51.82667894017016, -37.96521893647099)",rocha,286.442,90.0,0.0,3.03,-51.82667894017016,-37.96521893647099
97,"(-18.080569828643604, 165.37943857940803)",pouebo,297.167,86.0,100.0,1.08,-18.080569828643604,165.37943857940803
98,"(67.66671975229764, -25.774511143870058)",bolungarvik,,,,,67.66671975229764,-25.774511143870058
99,"(58.997738140478305, -19.71479118556229)",vestmannaeyjar,280.392,92.0,68.0,13.38,58.997738140478305,-19.71479118556229
100,"(6.766358858348383, 27.57848707865631)",waw,,,,,6.766358858348383,27.57848707865631
101,"(23.56434372309134, 137.81614519623804)",naze,294.767,93.0,0.0,0.63,23.56434372309134,137.81614519623804
102,"(-14.830509519602288, -7.722719336639727)",jamestown,286.292,63.0,64.0,9.33,-14.830509519602288,-7.722719336639727
103,"(39.5980521124786, -150.3134651342783)",kodiak,274.32,92.0,75.0,2.53,39.5980521124786,-150.3134651342783
104,"(75.17565816337247, 63.083728065677775)",amderma,,,,,75.17565816337247,63.083728065677775
105,"(52.25405655561838, -68.03997628827476)",port-cartier,250.15,63.0,5.0,1.0,52.25405655561838,-68.03997628827476
106,"(-26.687759441180432, 77.77729054723068)",grand river south east,,,,,-26.687759441180432,77.77729054723068
107,"(-35.0393897359747, 176.6662716735084)",whitianga,293.017,98.0,8.0,4.38,-35.0393897359747,176.6662716735084
108,"(84.40384389653732, -148.1074839538042)",barrow,291.017,53.0,0.0,5.93,84.40384389653732,-148.1074839538042
109,"(21.633943181183184, 36.392028254789324)",sawakin,295.967,91.0,92.0,3.48,21.633943181183184,36.392028254789324
110,"(-2.9324925680331404, -158.49294871249307)",faanui,301.367,100.0,32.0,3.63,-2.9324925680331404,-158.49294871249307
111,"(57.32072089546563, -68.80005736794728)",iqaluit,264.15,85.0,90.0,2.1,57.32072089546563,-68.80005736794728
112,"(69.06149875720936, -65.12021169290368)",pangnirtung,251.017,61.0,8.0,1.53,69.06149875720936,-65.12021169290368
113,"(-84.94051089948239, 9.352314621076545)",hermanus,288.717,83.0,36.0,1.08,-84.94051089948239,9.352314621076545
114,"(39.212614054938825, 32.93211753725592)",kulu,295.967,79.0,0.0,1.58,39.212614054938825,32.93211753725592
115,"(82.51703572606621, 177.52043240629234)",leningradskiy,252.942,94.0,68.0,7.63,82.51703572606621,177.52043240629234
116,"(15.230079329225859, -162.55407252438695)",nanakuli,295.58,91.0,90.0,8.38,15.230079329225859,-162.55407252438695
117,"(62.940082821801155, -84.21733953650448)",attawapiskat,,,,,62.940082821801155,-84.21733953650448
118,"(-31.856700844541884, 77.81843522203792)",bambous virieux,302.15,66.0,75.0,6.7,-31.856700844541884,77.81843522203792
119,"(-28.647150526366076, 133.1776091484399)",yulara,305.15,21.0,0.0,4.1,-28.647150526366076,133.1776091484399
120,"(44.572249438180705, 144.35025479297968)",abashiri,269.15,53.0,20.0,2.6,44.572249438180705,144.35025479297968
121,"(-75.78942280966494, 160.98625605111476)",bluff,296.167,95.0,92.0,2.28,-75.78942280966494,160.98625605111476
122,"(-28.74227156300139, 158.88824590662057)",byron bay,303.81,46.0,80.0,7.7,-28.74227156300139,158.88824590662057
123,"(-22.60597838416153, -73.76530776999904)",antofagasta,291.15,72.0,75.0,1.5,-22.60597838416153,-73.76530776999904
124,"(1.1623831806574572, 47.79961103877389)",mogadishu,302.15,70.0,75.0,6.7,1.1623831806574572,47.79961103877389
125,"(70.01764739004878, -49.970458093887316)",ilulissat,264.15,78.0,8.0,3.1,70.01764739004878,-49.970458093887316
126,"(56.615267725085744, -107.47965746343833)",la ronge,270.15,79.0,5.0,3.6,56.615267725085744,-107.47965746343833
127,"(-15.835284058278646, -43.285695844084785)",janauba,297.442,93.0,92.0,0.23,-15.835284058278646,-43.285695844084785
128,"(8.888585960659611, -6.406576121429509)",boundiali,291.867,85.0,8.0,0.93,8.888585960659611,-6.406576121429509
129,"(6.70543090802046, 148.88372895770834)",lorengau,302.417,100.0,80.0,0.93,6.70543090802046,148.88372895770834
130,"(-26.493484263877477, -178.38097780341363)",vaini,298.15,38.0,0.0,2.6,-26.493484263877477,-178.38097780341363
131,"(2.9444291107175644, -37.00825810293699)",itarema,297.717,91.0,20.0,4.23,2.9444291107175644,-37.00825810293699
132,"(54.74561595486995, -58.34016562956273)",saint-augustin,280.15,93.0,90.0,4.6,54.74561595486995,-58.34016562956273
133,"(28.444128311044807, -109.32225038779902)",sahuaripa,281.117,90.0,0.0,0.98,28.444128311044807,-109.32225038779902
134,"(6.37085849757473, -78.02547760437373)",mutis,298.042,100.0,68.0,1.63,6.37085849757473,-78.02547760437373
135,"(42.719210397142746, 6.020242141651067)",le pradet,271.15,92.0,90.0,5.7,42.719210397142746,6.020242141651067
136,"(67.03480168323449, -52.20544931018449)",sisimiut,254.417,100.0,44.0,0.88,67.03480168323449,-52.20544931018449
137,"(-17.280632143005192, 154.25318280705102)",mackay,269.64,46.0,75.0,2.1,-17.280632143005192,154.25318280705102
138,"(62.07215267499481, 26.29247066418648)",laukaa,271.15,79.0,90.0,2.1,62.07215267499481,26.29247066418648
139,"(-12.882855044424389, -74.66155704168477)",acobamba,277.417,92.0,12.0,0.73,-12.882855044424389,-74.66155704168477
140,"(-3.5942204540556872, -101.70674374031701)",puerto ayora,296.467,100.0,80.0,4.58,-3.5942204540556872,-101.70674374031701
141,"(-22.63250155673029, 117.4714007006171)",roebourne,315.467,12.0,0.0,6.38,-22.63250155673029,117.4714007006171
142,"(65.04508791336596, 74.90307932753984)",pangody,262.542,83.0,76.0,6.98,65.04508791336596,74.90307932753984
143,"(19.893928940393778, 82.13038496713392)",umarkot,291.867,83.0,0.0,3.48,19.893928940393778,82.13038496713392
144,"(68.38333416113582, -171.32146276937303)",lavrentiya,260.667,100.0,20.0,15.93,68.38333416113582,-171.32146276937303
145,"(55.69774418910632, -165.92320644717785)",bethel,255.83,90.0,1.0,2.1,55.69774418910632,-165.92320644717785
146,"(-30.114828880012425, 114.92277079918841)",geraldton,270.15,92.0,90.0,1.0,-30.114828880012425,114.92277079918841
147,"(78.71902316248932, 109.25375541067007)",saskylakh,251.867,57.0,24.0,5.48,78.71902316248932,109.25375541067007
148,"(39.41451220032144, 61.82259233526253)",seydi,286.892,43.0,0.0,3.63,39.41451220032144,61.82259233526253
149,"(18.68126439519864, 40.441634094858415)",abha,287.08,93.0,40.0,0.93,18.68126439519864,40.441634094858415
150,"(21.264290856287147, 83.40975167147906)",barpali,298.142,76.0,64.0,2.08,21.264290856287147,83.40975167147906
151,"(-27.055186085861408, -76.60890589693742)",coquimbo,287.15,87.0,0.0,4.1,-27.055186085861408,-76.60890589693742
152,"(46.86764314693659, 89.82339089580688)",altay,264.617,74.0,68.0,1.33,46.86764314693659,89.82339089580688
153,"(58.98530503873542, 92.08184621014931)",yeniseysk,261.767,76.0,92.0,2.28,58.98530503873542,92.08184621014931
154,"(-27.486309056735294, -30.229941946897725)",sao joao da barra,299.167,98.0,32.0,10.13,-27.486309056735294,-30.229941946897725
155,"(70.17040080096231, -107.9348251214135)",yellowknife,258.15,77.0,20.0,4.1,70.17040080096231,-107.9348251214135
156,"(19.051848556658683, 132.17921248224633)",itoman,291.85,59.0,75.0,4.6,19.051848556658683,132.17921248224633
157,"(87.98663335397899, 127.8975405961807)",tiksi,247.517,63.0,0.0,10.98,87.98663335397899,127.8975405961807
158,"(-39.42868442999556, 176.4094548510032)",hastings,290.917,100.0,56.0,2.53,-39.42868442999556,176.4094548510032
159,"(12.550980047109505, 102.22971686424131)",khlung,305.15,59.0,20.0,2.6,12.550980047109505,102.22971686424131
160,"(3.0964944197101687, -4.720921729472764)",grand-lahou,296.867,95.0,76.0,1.13,3.0964944197101687,-4.720921729472764
161,"(13.061611859726725, 112.2685806284951)",tuy hoa,297.167,100.0,92.0,5.88,13.061611859726725,112.2685806284951
162,"(72.9085716944933, 28.96195862369339)",berlevag,277.15,100.0,40.0,9.3,72.9085716944933,28.96195862369339
163,"(-49.14673999364984, -84.88189999629937)",castro,282.15,87.0,48.0,1.5,-49.14673999364984,-84.88189999629937
164,"(47.395380333733044, 117.67208504206212)",manzhouli,258.667,38.0,0.0,2.53,47.395380333733044,117.67208504206212
165,"(-60.764123624673935, 179.53653393915653)",dunedin,287.192,85.0,24.0,3.03,-60.764123624673935,179.53653393915653
166,"(-3.231255147563701, -48.9490671791668)",mocajuba,294.867,99.0,92.0,0.98,-3.231255147563701,-48.9490671791668
167,"(-26.94888544580636, -91.12392818390438)",marcona,,,,,-26.94888544580636,-91.12392818390438
168,"(60.45039184360681, 109.58459510903168)",yerbogachen,259.542,74.0,80.0,3.63,60.45039184360681,109.58459510903168
169,"(48.0734068457991, -13.331275548675563)",dingle,301.817,71.0,64.0,6.78,48.0734068457991,-13.331275548675563
170,"(22.5779247106952, 24.472983779179287)",jalu,277.867,73.0,0.0,1.58,22.5779247106952,24.472983779179287
171,"(-37.340770528506994, -59.78985264033474)",azul,288.442,70.0,36.0,5.18,-37.340770528506994,-59.78985264033474
172,"(-48.832876752794746, -9.025005016617655)",cape town,289.15,82.0,75.0,1.0,-48.832876752794746,-9.025005016617655
173,"(7.960035664453386, -106.77458690061692)",ixtapa,296.15,100.0,40.0,0.43,7.960035664453386,-106.77458690061692
174,"(65.09773627852658, 150.85884084653014)",zyryanka,231.792,0.0,0.0,1.13,65.09773627852658,150.85884084653014
175,"(44.543768381923314, -105.64563127865681)",gillette,272.05,71.0,20.0,9.8,44.543768381923314,-105.64563127865681
176,"(25.327318636754256, -75.99184985661336)",rock sound,297.367,100.0,24.0,7.18,25.327318636754256,-75.99184985661336
177,"(-15.410050467994878, -39.04457293774456)",una,297.15,94.0,40.0,2.1,-15.410050467994878,-39.04457293774456
178,"(19.798742783497758, 103.46474761573825)",xam nua,287.142,83.0,88.0,1.13,19.798742783497758,103.46474761573825
179,"(9.593931654507983, 9.494234751983498)",jos,285.267,58.0,0.0,2.23,9.593931654507983,9.494234751983498
180,"(20.650006443058516, -35.357834140338184)",ponta do sol,289.542,96.0,20.0,1.13,20.650006443058516,-35.357834140338184
181,"(70.18827856664203, -146.41109194824446)",fairbanks,257.61,78.0,75.0,1.53,70.18827856664203,-146.41109194824446
182,"(59.54062153078962, -48.860496664984595)",paamiut,271.917,98.0,12.0,5.13,59.54062153078962,-48.860496664984595
183,"(-41.50265631077097, 149.85261181187013)",launceston,295.15,56.0,40.0,7.2,-41.50265631077097,149.85261181187013
184,"(39.88447232611949, 89.30982022460444)",korla,,,,,39.88447232611949,89.30982022460444
185,"(65.0983734083164, -125.78533099736546)",norman wells,252.15,76.0,90.0,1.5,65.0983734083164,-125.78533099736546
186,"(-15.558730100116406, -175.96028907386176)",halalo,,,,,-15.558730100116406,-175.96028907386176
187,"(41.6347153754387, -115.51906387554352)",elko,263.15,87.0,1.0,1.5,41.6347153754387,-115.51906387554352
188,"(81.25457841215072, 73.71027378440962)",dikson,264.717,85.0,76.0,7.43,81.25457841215072,73.71027378440962
189,"(59.55674652155042, 165.05743636147793)",tilichiki,237.217,0.0,0.0,1.63,59.55674652155042,165.05743636147793
190,"(-47.41607609447444, 173.83096641746585)",waitati,287.192,85.0,24.0,3.03,-47.41607609447444,173.83096641746585
191,"(-24.67039937233615, -30.998181408709456)",vila velha,300.15,74.0,75.0,6.2,-24.67039937233615,-30.998181408709456
192,"(26.8217173230819, 68.58322233028548)",kandiari,291.117,87.0,0.0,2.08,26.8217173230819,68.58322233028548
193,"(48.21450505471637, 39.87772777426633)",donetsk,271.917,92.0,68.0,3.63,48.21450505471637,39.87772777426633
194,"(63.11649105597388, -33.15311217291264)",tasiilaq,275.15,80.0,92.0,9.3,63.11649105597388,-33.15311217291264
195,"(7.330656235745408, 11.001071581305439)",banyo,292.442,47.0,0.0,3.58,7.330656235745408,11.001071581305439
196,"(-0.7532506489586126, -84.49441402269646)",manta,260.367,62.0,0.0,1.18,-0.7532506489586126,-84.49441402269646
197,"(-55.41218507758177, -20.285461900011597)",arraial do cabo,296.217,93.0,0.0,6.13,-55.41218507758177,-20.285461900011597
198,"(24.179931425683435, 9.310887646217253)",gat,293.15,64.0,24.0,6.2,24.179931425683435,9.310887646217253
199,"(61.58332772633963, -56.55032655698234)",maniitsoq,262.017,100.0,20.0,4.33,61.58332772633963,-56.55032655698234
200,"(59.39219102364211, 116.75018852825582)",kropotkin,273.642,98.0,80.0,3.13,59.39219102364211,116.75018852825582
201,"(14.755905511123004, -90.7793373858853)",san martin jilotepeque,288.15,87.0,40.0,5.1,14.755905511123004,-90.7793373858853
202,"(4.8026001769202935, -85.89332596101602)",burica,,,,,4.8026001769202935,-85.89332596101602
203,"(23.715049558395435, 82.50317975986525)",baikunthpur,296.267,74.0,0.0,1.88,23.715049558395435,82.50317975986525
204,"(-23.171030540859846, 98.32555815697901)",carnarvon,290.042,39.0,0.0,2.03,-23.171030540859846,98.32555815697901
205,"(29.500242203311217, -25.20722511240899)",los llanos de aridane,292.15,68.0,0.0,2.6,29.500242203311217,-25.20722511240899
206,"(39.0499446806312, 40.371888723655644)",bingol,275.15,93.0,75.0,3.1,39.0499446806312,40.371888723655644
207,"(-6.497035047505278, 51.953291014082254)",victoria,305.15,62.0,75.0,2.1,-6.497035047505278,51.953291014082254
208,"(45.094081018496325, 63.95435064826924)",dzhusaly,,,,,45.094081018496325,63.95435064826924
209,"(38.882431992315816, -112.6725674735753)",cedar city,270.95,62.0,1.0,3.6,38.882431992315816,-112.6725674735753
210,"(52.37697229823766, -108.32257330645467)",wilkie,268.15,62.0,1.0,4.6,52.37697229823766,-108.32257330645467
211,"(-14.010207650019609, 142.6548545393718)",mareeba,304.15,70.0,40.0,4.6,-14.010207650019609,142.6548545393718
212,"(58.82835512842743, -135.37265981151342)",juneau,273.75,95.0,75.0,1.5,58.82835512842743,-135.37265981151342
213,"(8.876550335382774, -63.267460291554116)",ciudad bolivar,299.792,69.0,64.0,5.13,8.876550335382774,-63.267460291554116
214,"(-40.382503215095156, 23.208866689176375)",plettenberg bay,290.917,96.0,36.0,3.33,-40.382503215095156,23.208866689176375
215,"(-33.2239355135159, 176.6763633431566)",ngunguru,293.142,86.0,0.0,6.18,-33.2239355135159,176.6763633431566
216,"(71.16436616252662, 21.785722181056798)",oksfjord,277.68,55.0,0.0,5.1,71.16436616252662,21.785722181056798
217,"(46.15485288397966, 17.12765255848211)",berzence,271.15,100.0,90.0,1.5,46.15485288397966,17.12765255848211
218,"(19.01818720235788, -111.85803369517797)",cabo san lucas,291.15,59.0,40.0,2.6,19.01818720235788,-111.85803369517797
219,"(57.81545518803128, 49.00924142185923)",verkhoshizhemye,268.467,94.0,92.0,3.58,57.81545518803128,49.00924142185923
220,"(36.50041270749901, -53.865703088642235)",saint-pierre,272.85,92.0,0.0,6.2,36.50041270749901,-53.865703088642235
221,"(77.08557478978906, -63.018525592310084)",narsaq,253.017,48.0,8.0,1.38,77.08557478978906,-63.018525592310084
222,"(72.54376221710606, -132.83861139804398)",tuktoyaktuk,252.15,76.0,90.0,7.2,72.54376221710606,-132.83861139804398
223,"(-61.14722340498973, -37.110114719412366)",mar del plata,288.317,52.0,12.0,4.53,-61.14722340498973,-37.110114719412366
224,"(14.79223830283803, -55.286244953366236)",bathsheba,299.15,61.0,20.0,8.7,14.79223830283803,-55.286244953366236
225,"(38.994799858046804, 164.64421409677936)",severo-kurilsk,270.392,100.0,24.0,6.18,38.994799858046804,164.64421409677936
226,"(-45.81536369235024, -36.86923251168207)",rio grande,293.892,95.0,100.0,4.58,-45.81536369235024,-36.86923251168207
227,"(0.5828458819550946, 41.04036123761773)",afmadu,,,,,0.5828458819550946,41.04036123761773
228,"(27.218058291994268, -53.74386455860163)",saint george,275.27,79.0,75.0,0.53,27.218058291994268,-53.74386455860163
229,"(4.627877750035637, 150.75017312154438)",kavieng,303.017,100.0,32.0,2.13,4.627877750035637,150.75017312154438
230,"(20.935092201438877, -78.66020272272425)",vertientes,295.15,78.0,20.0,4.6,20.935092201438877,-78.66020272272425
231,"(42.83685900754668, 20.92086851985667)",kosovska mitrovica,,,,,42.83685900754668,20.92086851985667
232,"(60.310652824752054, 46.35274754939985)",velikiy ustyug,266.867,86.0,76.0,3.88,60.310652824752054,46.35274754939985
233,"(39.1567332494825, -138.82519725520777)",fortuna,284.64,62.0,0.0,2.6,39.1567332494825,-138.82519725520777
234,"(33.37677800602793, 68.3354212470818)",gazni,,,,,33.37677800602793,68.3354212470818
235,"(-15.103413514244522, -164.08167388963912)",alofi,300.15,74.0,92.0,4.1,-15.103413514244522,-164.08167388963912
236,"(29.654168012787125, 107.86231422108898)",fuling,281.142,90.0,24.0,1.13,29.654168012787125,107.86231422108898
237,"(62.22681307054117, -124.13334706661192)",fort nelson,261.15,85.0,90.0,1.5,62.22681307054117,-124.13334706661192
238,"(-49.99389833735328, 134.03867807037142)",portland,281.38,76.0,90.0,3.6,-49.99389833735328,134.03867807037142
239,"(5.301553974790835, 60.27980730956858)",bandarbeyla,299.542,100.0,92.0,7.18,5.301553974790835,60.27980730956858
240,"(-17.050352071928316, 149.1709862965655)",ayr,277.15,64.0,75.0,5.7,-17.050352071928316,149.1709862965655
241,"(10.381757370830414, 29.28871941212921)",kaduqli,293.467,34.0,0.0,4.53,10.381757370830414,29.28871941212921
242,"(2.557858936036226, 91.07243195665353)",banda aceh,297.892,100.0,88.0,1.13,2.557858936036226,91.07243195665353
243,"(47.76305176466144, 11.72856325348394)",miesbach,268.09,80.0,75.0,4.1,47.76305176466144,11.72856325348394
244,"(49.0044232930791, 19.50648509355193)",liptovsky mikulas,268.67,85.0,0.0,5.1,49.0044232930791,19.50648509355193
245,"(54.322659280717204, 13.576957805199243)",bergen,,,,,54.322659280717204,13.576957805199243
246,"(-3.0201372719612607, -87.78313539965072)",san cristobal,286.15,100.0,75.0,1.5,-3.0201372719612607,-87.78313539965072
247,"(31.40366062764059, -133.1638125548598)",half moon bay,283.28,87.0,20.0,2.48,31.40366062764059,-133.1638125548598
248,"(55.69484084057473, 140.11963454119746)",mnogovershinnyy,251.617,73.0,8.0,1.33,55.69484084057473,140.11963454119746
249,"(-35.693053401709435, 130.34725297333796)",flinders,294.15,100.0,90.0,5.1,-35.693053401709435,130.34725297333796
250,"(5.685384802020636, 25.618590250936478)",zemio,294.292,77.0,0.0,1.83,5.685384802020636,25.618590250936478
251,"(63.21895046832586, 26.38257352618001)",iisalmi,271.15,79.0,90.0,1.5,63.21895046832586,26.38257352618001
252,"(22.408935078859827, -90.5701736427574)",progreso,289.15,51.0,0.0,2.6,22.408935078859827,-90.5701736427574
253,"(-2.394875550378231, 38.42349078931932)",voi,296.192,94.0,36.0,1.63,-2.394875550378231,38.42349078931932
254,"(28.79081645103588, -76.8610160841599)",marsh harbour,296.292,100.0,88.0,6.93,28.79081645103588,-76.8610160841599
255,"(26.27687510421353, 104.85915085749241)",rongcheng,276.142,79.0,44.0,7.88,26.27687510421353,104.85915085749241
256,"(16.932828409149238, 101.74764887302496)",wang saphung,298.15,57.0,40.0,2.1,16.932828409149238,101.74764887302496
257,"(65.52875870722627, 2.2308820675797847)",raudeberg,271.11,69.0,75.0,6.7,65.52875870722627,2.2308820675797847
258,"(30.229003546501872, -10.913402779329374)",tiznit,283.392,97.0,76.0,1.43,30.229003546501872,-10.913402779329374
259,"(16.607767009664045, 148.88932564450738)",airai,301.067,76.0,32.0,0.88,16.607767009664045,148.88932564450738
260,"(-22.94585239516823, 36.39671425237239)",inhambane,300.117,87.0,20.0,3.83,-22.94585239516823,36.39671425237239
261,"(64.30440797073084, -100.01047848623779)",thompson,267.15,100.0,90.0,2.6,64.30440797073084,-100.01047848623779
262,"(57.004167001348605, 22.03733993278425)",kuldiga,273.15,84.0,90.0,1.5,57.004167001348605,22.03733993278425
263,"(-15.914262154930782, 37.719083624683236)",mocuba,296.792,100.0,92.0,1.78,-15.914262154930782,37.719083624683236
264,"(59.93818420333125, 64.63202323015025)",uray,266.317,90.0,44.0,2.78,59.93818420333125,64.63202323015025
265,"(69.49350752396845, 86.81838515945742)",dudinka,263.817,85.0,80.0,5.13,69.49350752396845,86.81838515945742
266,"(-19.05560496361977, -83.85323954010062)",pisco,292.15,82.0,44.0,2.1,-19.05560496361977,-83.85323954010062
267,"(-29.717973686738738, 34.458126004921866)",richards bay,297.817,70.0,0.0,4.68,-29.717973686738738,34.458126004921866
268,"(4.865224209786135, -44.39183784643299)",salinopolis,298.792,100.0,76.0,4.28,4.865224209786135,-44.39183784643299
269,"(21.525565791350374, -73.89683442777785)",baracoa,297.542,100.0,100.0,5.93,21.525565791350374,-73.89683442777785
270,"(-28.327129144869545, -55.50968850388517)",sao luiz gonzaga,298.517,75.0,64.0,3.13,-28.327129144869545,-55.50968850388517
271,"(27.3524033675115, 54.17136162344855)",gerash,283.15,71.0,0.0,1.53,27.3524033675115,54.17136162344855
272,"(36.84546871301653, 1.4805004472387964)",sidi ali,284.967,93.0,100.0,3.38,36.84546871301653,1.4805004472387964
273,"(-16.65565281173936, -153.83683513254653)",vaitape,300.392,100.0,80.0,2.98,-16.65565281173936,-153.83683513254653
274,"(57.23171718361979, -26.727618408970272)",grindavik,279.62,87.0,90.0,12.3,57.23171718361979,-26.727618408970272
275,"(68.2659692174058, 151.51545501751383)",srednekolymsk,234.917,0.0,36.0,1.13,68.2659692174058,151.51545501751383
276,"(26.314009242619235, 105.12679600877289)",anshun,276.642,85.0,20.0,3.03,26.314009242619235,105.12679600877289
277,"(-33.32075517431696, -39.250430996947784)",laguna,284.442,91.0,0.0,0.28,-33.32075517431696,-39.250430996947784
278,"(27.069325748947932, 59.27287242642197)",iranshahr,290.15,20.0,0.0,2.1,27.069325748947932,59.27287242642197
279,"(3.2909434273929605, 96.54238447640063)",meulaboh,299.317,100.0,56.0,7.43,3.2909434273929605,96.54238447640063
280,"(57.76454667528364, 108.4068276698157)",alekseyevsk,262.767,68.0,88.0,3.83,57.76454667528364,108.4068276698157
281,"(29.893593917051675, -79.07438874125806)",edgewater,284.15,89.0,75.0,2.48,29.893593917051675,-79.07438874125806
282,"(49.0315140832646, 104.75993427910964)",erdenet,260.042,57.0,0.0,1.58,49.0315140832646,104.75993427910964
283,"(6.563637727360643, -90.4458966599508)",santa cruz,282.54,79.0,1.0,1.5,6.563637727360643,-90.4458966599508
284,"(18.892072283678345, 67.79537281397171)",mangrol,292.15,63.0,0.0,1.0,18.892072283678345,67.79537281397171
285,"(45.38228875941326, -117.04173891009353)",baker city,264.25,87.0,1.0,1.18,45.38228875941326,-117.04173891009353
286,"(-24.654992656470384, 23.633073280707322)",khakhea,301.942,22.0,20.0,5.28,-24.654992656470384,23.633073280707322
287,"(42.09923010342155, 22.169013077498676)",kratovo,265.15,92.0,0.0,1.68,42.09923010342155,22.169013077498676
288,"(47.62699317696311, 105.41959723141235)",ulaanbaatar,259.15,55.0,12.0,1.78,47.62699317696311,105.41959723141235
289,"(-1.9327846328676088, -77.16217443863101)",palora,287.392,99.0,48.0,0.68,-1.9327846328676088,-77.16217443863101
290,"(86.49369302564656, 92.51623428453712)",talnakh,261.517,88.0,80.0,7.18,86.49369302564656,92.51623428453712
291,"(41.2347190134453, -108.35035616285477)",rock springs,262.55,83.0,1.0,5.1,41.2347190134453,-108.35035616285477
292,"(36.25198898244466, 101.50297535895453)",xining,271.892,47.0,0.0,1.18,36.25198898244466,101.50297535895453
293,"(7.576892294955115, -108.97941266598141)",coahuayana,290.892,78.0,76.0,0.78,7.576892294955115,-108.97941266598141
294,"(22.101566257091022, 142.96139367883882)",shimoda,284.52,53.0,75.0,5.1,22.101566257091022,142.96139367883882
295,"(41.471990562293826, -64.97910273460926)",shelburne,271.7,92.0,90.0,4.6,41.471990562293826,-64.97910273460926
296,"(10.19053194894147, -46.262628702836)",cayenne,299.15,83.0,75.0,4.1,10.19053194894147,-46.262628702836
297,"(35.90309105460547, -26.2317757526543)",ponta delgada,284.15,76.0,40.0,0.5,35.90309105460547,-26.2317757526543
298,"(7.121380695339184, -9.941919782281275)",gbarnga,293.442,91.0,32.0,1.58,7.121380695339184,-9.941919782281275
299,"(81.93096063203947, 33.94785283922238)",vardo,274.81,52.0,90.0,4.1,81.93096063203947,33.94785283922238
300,"(-48.0535905231443, 169.45971109544587)",kaitangata,288.267,79.0,36.0,7.73,-48.0535905231443,169.45971109544587
301,"(40.99358693490518, -137.50659463278245)",eureka,280.04,89.0,1.0,2.1,40.99358693490518,-137.50659463278245
302,"(63.09840180227121, 52.29006007632128)",sindor,265.767,84.0,68.0,2.13,63.09840180227121,52.29006007632128
303,"(-6.967060749055847, 117.88101251962308)",sumbawa,,,,,-6.967060749055847,117.88101251962308
304,"(49.04394094142472, 78.7691910585445)",ayagoz,270.042,97.0,80.0,1.43,49.04394094142472,78.7691910585445
305,"(23.82779209955919, -70.00688615898075)",cockburn town,297.267,100.0,88.0,8.58,23.82779209955919,-70.00688615898075
306,"(18.152212829822474, -81.55558109765879)",george town,303.64,70.0,75.0,1.5,18.152212829822474,-81.55558109765879
307,"(44.82877120373155, 50.21363862551266)",fort-shevchenko,281.042,99.0,88.0,6.93,44.82877120373155,50.21363862551266
308,"(-12.581250615527196, -149.28923691969015)",fare,301.517,100.0,68.0,3.13,-12.581250615527196,-149.28923691969015
309,"(40.58089176978041, 94.9488217712971)",hami,265.617,49.0,36.0,1.58,40.58089176978041,94.9488217712971
310,"(-13.534367556576868, 55.09489083434133)",sambava,299.967,100.0,88.0,3.38,-13.534367556576868,55.09489083434133
311,"(10.310314729243302, 33.75857058173008)",asosa,297.567,33.0,0.0,1.43,10.310314729243302,33.75857058173008
312,"(-29.9586243381207, 164.2259696332531)",vao,272.267,90.0,76.0,4.23,-29.9586243381207,164.2259696332531
313,"(-48.825707766764694, 131.57386284870887)",mount gambier,287.15,93.0,90.0,9.8,-48.825707766764694,131.57386284870887
314,"(-13.525522769677366, -41.081552161168815)",barra da estiva,290.767,97.0,56.0,1.53,-13.525522769677366,-41.081552161168815
315,"(12.459439965009807, -14.383550533811132)",gabu,276.117,18.0,0.0,4.98,12.459439965009807,-14.383550533811132
316,"(37.0020881202485, -71.62194271490448)",brigantine,271.56,85.0,1.0,1.53,37.0020881202485,-71.62194271490448
317,"(60.74374263222609, 145.34132938768363)",okhotsk,247.517,100.0,0.0,2.58,60.74374263222609,145.34132938768363
318,"(39.66206272144086, 43.88195612541875)",igdir,280.15,75.0,20.0,2.1,39.66206272144086,43.88195612541875
319,"(13.563223544327968, -37.111361846506156)",porto novo,296.15,69.0,40.0,1.0,13.563223544327968,-37.111361846506156
320,"(-2.0742443136478954, 46.40618616158852)",barawe,,,,,-2.0742443136478954,46.40618616158852
321,"(74.45120569279496, 27.505020610007904)",mehamn,277.69,99.0,40.0,9.3,74.45120569279496,27.505020610007904
322,"(75.10306212693618, 158.63125050033602)",cherskiy,241.792,37.0,32.0,2.03,75.10306212693618,158.63125050033602
323,"(78.23295753991337, 69.49591413332624)",yar-sale,264.692,86.0,80.0,8.78,78.23295753991337,69.49591413332624
324,"(-13.902711730816392, 106.88175511990141)",kawalu,297.517,100.0,56.0,0.88,-13.902711730816392,106.88175511990141
325,"(47.30127965237773, -29.89810445859331)",lagoa,289.15,93.0,75.0,8.7,47.30127965237773,-29.89810445859331
326,"(8.644201875205582, 125.83667113681759)",aurora,270.66,90.0,1.0,3.1,8.644201875205582,125.83667113681759
327,"(-37.64120244286642, 171.22483206067534)",okato,291.292,93.0,0.0,2.28,-37.64120244286642,171.22483206067534
328,"(60.51649064915142, 113.14782998659143)",peleduy,261.067,71.0,88.0,3.78,60.51649064915142,113.14782998659143
329,"(-17.51097764445204, -142.18729702425594)",tautira,302.15,70.0,40.0,3.1,-17.51097764445204,-142.18729702425594
330,"(14.114175900001428, 56.25792123269227)",salalah,301.15,37.0,0.0,3.1,14.114175900001428,56.25792123269227
331,"(5.851523195094629, -34.10039159079781)",trairi,300.442,100.0,80.0,7.73,5.851523195094629,-34.10039159079781
332,"(69.68847148664565, 46.9712313337954)",mezen,268.767,94.0,80.0,2.08,69.68847148664565,46.9712313337954
333,"(35.16672564656116, -104.38902397024329)",tucumcari,283.15,37.0,1.0,8.2,35.16672564656116,-104.38902397024329
334,"(58.595669962180835, 52.994010287963505)",afanasyevo,,,,,58.595669962180835,52.994010287963505
335,"(10.811305823284144, -101.20314713974105)",acapulco,299.15,88.0,20.0,1.0,10.811305823284144,-101.20314713974105
336,"(-16.376806724765217, -25.91797600913344)",maragogi,296.642,98.0,80.0,2.43,-16.376806724765217,-25.91797600913344
337,"(-38.43585304232646, 130.1379878003499)",port lincoln,288.442,86.0,92.0,12.23,-38.43585304232646,130.1379878003499
338,"(11.652357846228881, 25.500003219934428)",umm kaddadah,285.967,41.0,0.0,6.18,11.652357846228881,25.500003219934428
339,"(81.7113776022444, 95.05272346840843)",khatanga,259.817,73.0,64.0,7.73,81.7113776022444,95.05272346840843
340,"(54.86316511912105, 159.07015316094265)",milkovo,270.22,85.0,32.0,3.1,54.86316511912105,159.07015316094265
341,"(34.96051218296317, -111.36672323903646)",flagstaff,274.49,34.0,1.0,3.6,34.96051218296317,-111.36672323903646
342,"(59.35478262172191, -144.8885509329553)",palmer,267.67,91.0,90.0,1.13,59.35478262172191,-144.8885509329553
343,"(-14.192727681345033, 12.818902135162944)",lubango,290.392,60.0,0.0,0.18,-14.192727681345033,12.818902135162944
344,"(-18.672035785448003, 61.18001902097305)",quatre cocos,302.15,66.0,75.0,6.7,-18.672035785448003,61.18001902097305
345,"(-1.7373148494344974, 106.50434864899609)",mentok,,,,,-1.7373148494344974,106.50434864899609
346,"(62.13065121638871, 63.22240418932739)",agirish,265.517,85.0,8.0,2.73,62.13065121638871,63.22240418932739
347,"(17.832559989335437, -72.97294505311037)",jacmel,297.15,78.0,40.0,3.6,17.832559989335437,-72.97294505311037
348,"(62.67082171053667, -134.87210347614413)",mayo,250.15,76.0,5.0,1.33,62.67082171053667,-134.87210347614413
349,"(-47.14251397604691, -9.121175286523737)",saldanha,278.817,97.0,88.0,3.83,-47.14251397604691,-9.121175286523737
350,"(33.95022855084288, 78.13827472301693)",leh,253.617,82.0,68.0,0.53,33.95022855084288,78.13827472301693
351,"(37.63385598258748, -125.72217463845186)",ukiah,279.85,78.0,1.0,0.88,37.63385598258748,-125.72217463845186
352,"(55.86745146244132, 85.45093676308096)",yashkino,265.15,92.0,75.0,6.0,55.86745146244132,85.45093676308096
353,"(46.70573787109777, 40.283300978493486)",zernograd,274.117,90.0,92.0,4.08,46.70573787109777,40.283300978493486
354,"(3.308985936154343, -66.24685998061538)",inirida,295.942,99.0,68.0,0.88,3.308985936154343,-66.24685998061538
355,"(7.5241135072808305, -53.32110218253915)",mana,268.09,100.0,40.0,1.0,7.5241135072808305,-53.32110218253915
356,"(-12.739768209533935, 63.93743461517286)",grand gaube,302.15,66.0,75.0,6.7,-12.739768209533935,63.93743461517286
357,"(11.076582589988973, 13.381578318170085)",mokolo,285.542,62.0,0.0,1.23,11.076582589988973,13.381578318170085
358,"(13.389241401367684, -16.370818923114342)",lamin,291.367,88.0,24.0,1.38,13.389241401367684,-16.370818923114342
359,"(68.9927582646699, 1.8213750186824598)",roald,269.33,100.0,0.0,5.1,68.9927582646699,1.8213750186824598
360,"(23.621485844214874, 2.01910332994791)",tessalit,278.392,47.0,0.0,1.63,23.621485844214874,2.01910332994791
361,"(-20.076425589224385, 173.93511225775978)",isangel,302.15,62.0,75.0,3.6,-20.076425589224385,173.93511225775978
362,"(5.623235980381764, -64.9190776207714)",puerto carreno,292.967,92.0,0.0,0.98,5.623235980381764,-64.9190776207714
363,"(7.409812071098827, 33.44639481462053)",gambela,295.017,81.0,32.0,1.68,7.409812071098827,33.44639481462053
364,"(51.253213750260045, -111.7408707760494)",hanna,267.142,64.0,20.0,5.63,51.253213750260045,-111.7408707760494
365,"(62.747205457170395, 52.7366597265993)",borovoy,265.767,84.0,68.0,2.53,62.747205457170395,52.7366597265993
366,"(5.884471618788666, 97.13214488882812)",lhokseumawe,301.642,99.0,36.0,2.68,5.884471618788666,97.13214488882812
367,"(-31.046532460452937, 26.98483020791386)",dordrecht,273.32,93.0,0.0,3.6,-31.046532460452937,26.98483020791386
368,"(1.20355026195017, 10.94963484772353)",aconibe,294.017,97.0,88.0,1.33,1.20355026195017,10.94963484772353
369,"(-34.804268437691626, 22.867893015804896)",knysna,291.15,72.0,75.0,1.0,-34.804268437691626,22.867893015804896
370,"(53.667951482130775, 113.63770884195145)",bagdarin,250.217,58.0,24.0,1.53,53.667951482130775,113.63770884195145
371,"(37.37468248107113, 122.39285171740306)",yatou,298.15,100.0,40.0,1.0,37.37468248107113,122.39285171740306
372,"(59.41318932071755, 3.8444031508356886)",holme,276.79,64.0,75.0,4.1,59.41318932071755,3.8444031508356886
373,"(-0.9106231422777427, 126.3640322645631)",tidore,,,,,-0.9106231422777427,126.3640322645631
374,"(-26.358819461633843, 123.09940293048834)",port hedland,313.15,23.0,0.0,7.7,-26.358819461633843,123.09940293048834
375,"(48.869508604142766, 115.41276757183914)",nizhniy tsasuchey,261.567,43.0,0.0,2.13,48.869508604142766,115.41276757183914
376,"(-22.23754882631161, 165.6180389804768)",moindou,303.15,42.0,90.0,5.7,-22.23754882631161,165.6180389804768
377,"(4.309697593831757, 102.71518664768945)",jerantut,299.642,81.0,88.0,1.23,4.309697593831757,102.71518664768945
378,"(-4.135651965219836, 138.8577986009903)",vanimo,302.367,100.0,0.0,5.38,-4.135651965219836,138.8577986009903
379,"(9.405229837538101, -76.36446659585191)",puerto escondido,301.167,100.0,32.0,7.08,9.405229837538101,-76.36446659585191
380,"(-9.664758484503821, -70.50450478921296)",manoel urbano,297.192,90.0,12.0,1.38,-9.664758484503821,-70.50450478921296
381,"(-4.292921999883845, 130.10151736215414)",amahai,302.892,100.0,36.0,4.58,-4.292921999883845,130.10151736215414
382,"(16.518168354634014, -59.96056266649228)",saint-francois,270.15,100.0,90.0,1.68,16.518168354634014,-59.96056266649228
383,"(26.76523296723107, 56.47918368267199)",qeshm,292.6,52.0,0.0,2.1,26.76523296723107,56.47918368267199
384,"(48.95828768321505, -90.73737854952172)",atikokan,270.792,94.0,88.0,2.78,48.95828768321505,-90.73737854952172
385,"(-11.801267954019067, -70.83517507324349)",iberia,298.217,83.0,32.0,1.43,-11.801267954019067,-70.83517507324349
386,"(18.857632049725538, -102.89806048490937)",aguililla,287.917,93.0,56.0,1.08,18.857632049725538,-102.89806048490937
387,"(64.08091941201454, 153.77784428906642)",seymchan,231.792,0.0,0.0,1.08,64.08091941201454,153.77784428906642
388,"(12.218722112094085, 83.15685468664685)",madras,276.11,64.0,90.0,3.1,12.218722112094085,83.15685468664685
389,"(60.62933708776632, -7.549799217785477)",vagur,281.367,97.0,24.0,15.38,60.62933708776632,-7.549799217785477
390,"(47.68603979004408, 52.31997313269636)",dossor,273.642,96.0,92.0,6.28,47.68603979004408,52.31997313269636
391,"(-7.455721811915822, 138.70941984301663)",merauke,303.517,91.0,36.0,5.23,-7.455721811915822,138.70941984301663
392,"(85.02111765022738, 139.6381516825548)",nizhneyansk,,,,,85.02111765022738,139.6381516825548
393,"(-2.4292519723529153, 2.913004838790499)",port-gentil,298.567,100.0,44.0,1.88,-2.4292519723529153,2.913004838790499
394,"(4.400526059251874, 160.18709689654378)",namatanai,303.442,93.0,64.0,3.13,4.400526059251874,160.18709689654378
395,"(29.67469603045967, -62.61987051789505)",hamilton,291.15,59.0,40.0,7.2,29.67469603045967,-62.61987051789505
396,"(-26.657196488184915, -51.762955961146986)",palmas,298.15,78.0,40.0,2.1,-26.657196488184915,-51.762955961146986
397,"(-29.2992628282746, 21.35235534222039)",upington,293.15,45.0,0.0,1.5,-29.2992628282746,21.35235534222039
398,"(1.8644462963254824, -60.35886479258343)",boa vista,299.15,83.0,75.0,3.1,1.8644462963254824,-60.35886479258343
399,"(65.94810399070005, -50.49729345020913)",nuuk,268.15,79.0,80.0,2.1,65.94810399070005,-50.49729345020913
400,"(-10.946098760363327, 156.5405026730886)",gizo,290.29,77.0,40.0,3.1,-10.946098760363327,156.5405026730886
401,"(-9.657342015582316, 165.21183065737023)",lata,274.167,100.0,92.0,0.68,-9.657342015582316,165.21183065737023
402,"(71.53406365389642, 3.651061692119299)",bud,271.23,79.0,0.0,4.6,71.53406365389642,3.651061692119299
403,"(-23.193214156745725, -49.77935178789227)",chavantes,297.617,55.0,0.0,3.88,-23.193214156745725,-49.77935178789227
404,"(31.335776408867858, 104.51854171008807)",deyang,280.117,82.0,36.0,1.63,31.335776408867858,104.51854171008807
405,"(-8.720972485864749, 18.170581438065454)",malanje,292.042,79.0,0.0,1.83,-8.720972485864749,18.170581438065454
406,"(-11.874118675162052, 86.93872917067932)",padang,303.15,74.0,20.0,4.1,-11.874118675162052,86.93872917067932
407,"(61.6273983895947, 53.508441680478825)",ust-kulom,267.292,83.0,76.0,2.08,61.6273983895947,53.508441680478825
408,"(17.771336453536463, 99.26602299347275)",thoen,295.392,89.0,88.0,1.33,17.771336453536463,99.26602299347275
409,"(-2.0287633336370305, 163.0591578397581)",buala,302.192,88.0,92.0,3.88,-2.0287633336370305,163.0591578397581
410,"(50.06733212196764, -94.47761714506852)",kenora,268.72,92.0,90.0,5.1,50.06733212196764,-94.47761714506852
411,"(21.59362291629914, 83.95847822619658)",rengali,,,,,21.59362291629914,83.95847822619658
412,"(-36.56116027411713, 167.65236567749832)",ahipara,293.917,71.0,0.0,4.73,-36.56116027411713,167.65236567749832
413,"(52.58348116291512, 85.84484871200726)",srostki,263.617,87.0,92.0,1.08,52.58348116291512,85.84484871200726
414,"(49.56484805130944, -123.15362065128988)",vancouver,281.38,76.0,90.0,2.1,49.56484805130944,-123.15362065128988
415,"(61.02258574764636, 133.7632955172615)",ust-maya,240.542,41.0,44.0,1.18,61.02258574764636,133.7632955172615
416,"(5.067588998912868, -111.4001105471481)",san patricio,300.517,63.0,8.0,2.13,5.067588998912868,-111.4001105471481
417,"(-3.7831724502145647, 30.266574668431673)",mabamba,290.942,98.0,36.0,1.88,-3.7831724502145647,30.266574668431673
418,"(60.528801536727855, -30.51169774629318)",olafsvik,,,,,60.528801536727855,-30.51169774629318
419,"(60.73552516205649, 174.02609889030896)",anadyr,246.15,68.0,0.0,5.0,60.73552516205649,174.02609889030896
420,"(51.56392860210073, 61.29344934580078)",zhitikara,,,,,51.56392860210073,61.29344934580078
421,"(-25.57895034995599, 33.43867564710882)",xai-xai,299.167,87.0,0.0,3.48,-25.57895034995599,33.43867564710882
422,"(49.60053056718604, 51.210696674901556)",inderborskiy,,,,,49.60053056718604,51.210696674901556
423,"(68.0928677233646, -137.34431840427027)",aklavik,252.15,76.0,90.0,3.43,68.0928677233646,-137.34431840427027
424,"(25.57906816874757, -115.77031171017623)",guerrero negro,285.692,100.0,0.0,3.48,25.57906816874757,-115.77031171017623
425,"(23.589715013867888, 58.96365781587309)",qurayyat,,,,,23.589715013867888,58.96365781587309
426,"(-6.255882353967465, -27.739746831981336)",cabedelo,296.15,94.0,20.0,1.5,-6.255882353967465,-27.739746831981336
427,"(-36.633538756037325, 143.29246796579287)",maryborough,301.942,43.0,64.0,2.48,-36.633538756037325,143.29246796579287
428,"(61.42482086779782, 64.81976336787861)",kommunisticheskiy,265.067,88.0,44.0,2.88,61.42482086779782,64.81976336787861
429,"(-38.81257418069936, 143.93739244804232)",colac,289.642,89.0,92.0,3.43,-38.81257418069936,143.93739244804232
430,"(-15.906750078500863, -46.53299448968346)",buritis,293.642,73.0,64.0,0.68,-15.906750078500863,-46.53299448968346
431,"(63.66757135607463, -154.91269298519143)",kenai,267.3,88.0,90.0,2.6,63.66757135607463,-154.91269298519143
432,"(-26.131628257187103, -42.535451149093035)",saquarema,299.15,94.0,0.0,2.1,-26.131628257187103,-42.535451149093035
433,"(55.150235938598456, -65.2274091724031)",sept-iles,250.15,63.0,5.0,1.0,55.150235938598456,-65.2274091724031
434,"(54.68053356121493, 15.726082290092393)",kolobrzeg,271.667,97.0,56.0,2.13,54.68053356121493,15.726082290092393
435,"(37.2927900416082, 60.370387714890285)",kaka,281.767,71.0,0.0,1.78,37.2927900416082,60.370387714890285
436,"(35.43964330349223, -78.41802271521718)",smithfield,297.542,19.0,0.0,1.98,35.43964330349223,-78.41802271521718
437,"(52.9274109108529, 87.74963257201)",chugunash,,,,,52.9274109108529,87.74963257201
438,"(61.237644917511375, 37.00277175140738)",vytegra,267.392,83.0,64.0,3.58,61.237644917511375,37.00277175140738
439,"(1.6129056977721064, 112.9955441666948)",kapit,303.717,70.0,44.0,1.08,1.6129056977721064,112.9955441666948
440,"(67.76962782945421, -0.6612425473823009)",brae,279.66,75.0,80.0,8.7,67.76962782945421,-0.6612425473823009
441,"(17.144059582687987, 94.49899289046971)",pathein,302.142,79.0,80.0,3.68,17.144059582687987,94.49899289046971
442,"(31.418287010253778, -128.92485286871187)",pacific grove,281.78,76.0,1.0,4.6,31.418287010253778,-128.92485286871187
443,"(11.535884758692234, 39.55258145270659)",dese,275.83,78.0,40.0,5.7,11.535884758692234,39.55258145270659
444,"(42.62624677094209, 140.6606552560616)",date,271.15,54.0,40.0,4.1,42.62624677094209,140.6606552560616
445,"(67.15618278002981, -46.04758072588487)",qasigiannguit,264.15,78.0,8.0,3.1,67.15618278002981,-46.04758072588487
446,"(10.786143285609711, 132.26733266821225)",meyungs,,,,,10.786143285609711,132.26733266821225
447,"(-56.63411063543106, 155.64929181652252)",tuatapere,289.717,82.0,24.0,2.33,-56.63411063543106,155.64929181652252
448,"(64.81678824621827, 8.857370421914226)",sistranda,270.15,86.0,20.0,6.7,64.81678824621827,8.857370421914226
449,"(-24.260370858013403, 43.1551553098096)",toliary,,,,,-24.260370858013403,43.1551553098096
450,"(15.5867802842982, 67.65370748618585)",ratnagiri,300.417,96.0,0.0,2.78,15.5867802842982,67.65370748618585
451,"(53.18779488516762, 22.870231785841753)",lapy,270.417,88.0,88.0,4.83,53.18779488516762,22.870231785841753
452,"(20.19192113574664, -53.865405818944254)",codrington,306.16,46.0,92.0,7.7,20.19192113574664,-53.865405818944254
453,"(-48.803199890904644, -69.38872985750014)",rio gallegos,287.15,58.0,90.0,3.6,-48.803199890904644,-69.38872985750014
454,"(-15.496176934984646, 99.37282077010434)",palabuhanratu,,,,,-15.496176934984646,99.37282077010434
455,"(50.45166571938637, 94.72441287569109)",samagaltay,247.517,57.0,24.0,1.63,50.45166571938637,94.72441287569109
456,"(-6.319593571615215, 134.36776332706847)",tual,301.642,100.0,8.0,6.53,-6.319593571615215,134.36776332706847
457,"(52.83767507552403, 122.21147670012192)",yerofey pavlovich,246.267,68.0,0.0,1.23,52.83767507552403,122.21147670012192
458,"(-5.627507615463642, 156.27389872353405)",kieta,301.317,98.0,56.0,1.58,-5.627507615463642,156.27389872353405
459,"(45.50457005594518, -84.99440632754268)",traverse city,273.6,81.0,90.0,4.78,45.50457005594518,-84.99440632754268
460,"(14.726234309939684, -68.7501365160943)",westpunt,,,,,14.726234309939684,-68.7501365160943
461,"(-37.09671747224307, -157.71293126250495)",avera,274.95,94.0,1.0,1.58,-37.09671747224307,-157.71293126250495
462,"(-13.443577050543922, -30.33579169558965)",maceio,295.15,88.0,75.0,4.1,-13.443577050543922,-30.33579169558965
463,"(-48.68274533599077, -54.38942868813882)",necochea,287.917,67.0,0.0,6.53,-48.68274533599077,-54.38942868813882
464,"(-11.356626454017274, 46.75479336181232)",dzaoudzi,303.15,74.0,20.0,1.5,-11.356626454017274,46.75479336181232
465,"(-6.045014370920114, 12.65383758345672)",soyo,298.117,92.0,92.0,1.33,-6.045014370920114,12.65383758345672
466,"(21.79104362611038, 118.84069655091963)",kaohsiung,299.15,54.0,40.0,3.6,21.79104362611038,118.84069655091963
467,"(57.176100272286874, 8.295698445410807)",hanstholm,274.867,100.0,80.0,6.13,57.176100272286874,8.295698445410807
468,"(28.501904082117733, 16.474601506402934)",waddan,275.142,65.0,0.0,2.03,28.501904082117733,16.474601506402934
469,"(-35.12042389407826, -63.01238284089304)",general pico,294.467,73.0,92.0,5.03,-35.12042389407826,-63.01238284089304
470,"(-8.648013548882801, -85.54889287609947)",sechura,293.917,86.0,32.0,4.13,-8.648013548882801,-85.54889287609947
471,"(59.907645879381164, 73.68860286421639)",barsovo,266.15,100.0,40.0,3.0,59.907645879381164,73.68860286421639
472,"(-9.803082216717328, -174.05656864246475)",falealupo,,,,,-9.803082216717328,-174.05656864246475
473,"(41.087304437970204, -9.396368888654308)",povoa de varzim,285.15,66.0,40.0,5.7,41.087304437970204,-9.396368888654308
474,"(47.30727622231777, -77.48781687839505)",malartic,257.21,91.0,1.0,3.1,47.30727622231777,-77.48781687839505
475,"(39.91525162316833, 131.00427451387543)",khasan,268.692,100.0,8.0,5.43,39.91525162316833,131.00427451387543
476,"(32.70314944301248, 110.1668328901452)",shiyan,278.867,49.0,0.0,1.23,32.70314944301248,110.1668328901452
477,"(46.97335864553884, -124.25902237644627)",hoquiam,281.07,89.0,90.0,6.7,46.97335864553884,-124.25902237644627
478,"(6.254188737219891, -32.592386917095126)",jardim,296.717,76.0,44.0,2.08,6.254188737219891,-32.592386917095126
479,"(36.8478430619608, -9.270436490069898)",lagos,298.15,100.0,20.0,1.0,36.8478430619608,-9.270436490069898
480,"(22.74128169646889, 57.038589993501944)",nizwa,296.317,37.0,0.0,0.78,22.74128169646889,57.038589993501944
481,"(59.874052955536484, 61.01013311148955)",serov,261.567,78.0,8.0,1.08,59.874052955536484,61.01013311148955
482,"(35.60674933125172, 49.28453867207804)",abhar,279.142,46.0,0.0,4.58,35.60674933125172,49.28453867207804
483,"(58.526711248342764, 151.41679778368217)",ola,254.692,100.0,0.0,2.88,58.526711248342764,151.41679778368217
484,"(39.68344054196589, 146.58876562411706)",nemuro,270.15,53.0,20.0,2.6,39.68344054196589,146.58876562411706
485,"(15.087491759128952, -0.4185656205748103)",gorom-gorom,287.142,55.0,0.0,3.23,15.087491759128952,-0.4185656205748103
486,"(24.786793032279007, -8.368448009770106)",taoudenni,279.817,60.0,0.0,1.23,24.786793032279007,-8.368448009770106
487,"(37.79644307787406, -9.220469066059053)",sines,287.917,100.0,88.0,11.73,37.79644307787406,-9.220469066059053
488,"(41.909315926052216, 31.503955515568094)",zonguldak,275.292,100.0,12.0,3.93,41.909315926052216,31.503955515568094
489,"(34.35687538321535, 4.79422394262852)",tuggurt,,,,,34.35687538321535,4.79422394262852
490,"(-42.80262909530186, 48.44879626417264)",tsihombe,,,,,-42.80262909530186,48.44879626417264
491,"(18.905602419255544, -79.44671841985269)",lucea,297.15,88.0,75.0,3.1,18.905602419255544,-79.44671841985269
492,"(16.902539875569886, 5.334996770560991)",abalak,284.867,49.0,0.0,4.03,16.902539875569886,5.334996770560991
493,"(66.52118804634065, -45.48708918900846)",qaqortoq,267.067,95.0,0.0,1.98,66.52118804634065,-45.48708918900846
494,"(-2.3684281563008653, -69.77086787840327)",japura,303.392,70.0,32.0,1.33,-2.3684281563008653,-69.77086787840327
495,"(7.661751835675489, 109.82268539707644)",phan thiet,302.617,78.0,0.0,10.13,7.661751835675489,109.82268539707644
496,"(67.05212737929747, 111.52626182965082)",aykhal,250.392,62.0,64.0,1.63,67.05212737929747,111.52626182965082
497,"(-20.578157575886763, -67.25544513510174)",uyuni,278.867,97.0,92.0,0.78,-20.578157575886763,-67.25544513510174
498,"(-17.310190930035418, 169.9120415013175)",vila,274.15,100.0,0.0,2.1,-17.310190930035418,169.9120415013175
499,"(29.089530183719944, 48.635771937710814)",bayan,262.292,52.0,20.0,2.13,29.089530183719944,48.635771937710814
500,"(-35.712025527773775, 160.77271175702936)",port macquarie,301.15,65.0,40.0,4.1,-35.712025527773775,160.77271175702936
501,"(-4.466682762770617, 123.70644667769125)",katobu,305.017,77.0,64.0,2.53,-4.466682762770617,123.70644667769125
502,"(61.692306682146864, 162.10918301930985)",ossora,250.667,96.0,64.0,2.43,61.692306682146864,162.10918301930985
503,"(-15.478677488089971, -57.69540905793704)",caceres,291.717,96.0,36.0,0.53,-15.478677488089971,-57.69540905793704
504,"(-62.85539865721145, -26.40515122166795)",chuy,290.067,92.0,0.0,4.68,-62.85539865721145,-26.40515122166795
505,"(43.302629398613135, 119.39238650866207)",chifeng,265.967,30.0,0.0,4.48,43.302629398613135,119.39238650866207
506,"(-21.77843961762501, -74.13288564266789)",tocopilla,288.717,100.0,56.0,1.78,-21.77843961762501,-74.13288564266789
507,"(59.638309541095566, 125.49833586449347)",nizhniy kuranakh,252.442,66.0,56.0,1.68,59.638309541095566,125.49833586449347
508,"(59.22608653058546, 178.57320058529035)",beringovskiy,254.292,100.0,24.0,11.28,59.22608653058546,178.57320058529035
509,"(-16.069060904049778, 97.05369735701481)",labuhan,298.317,91.0,92.0,0.73,-16.069060904049778,97.05369735701481
510,"(37.335024049980774, 79.6196154983337)",shache,270.117,68.0,0.0,1.98,37.335024049980774,79.6196154983337
511,"(-7.875378287639208, -168.55173601054125)",lufilufi,300.15,74.0,90.0,4.98,-7.875378287639208,-168.55173601054125
512,"(-32.488291052297726, 11.697500850861275)",oranjemund,289.817,98.0,0.0,9.63,-32.488291052297726,11.697500850861275
513,"(46.09744121928955, -88.26718871723608)",marquette,272.81,95.0,90.0,4.83,46.09744121928955,-88.26718871723608
514,"(-45.36011939311658, -61.20468737217898)",rawson,288.942,50.0,0.0,7.03,-45.36011939311658,-61.20468737217898
515,"(-13.1773221133367, 58.76423841181136)",cap malheureux,302.15,66.0,75.0,6.7,-13.1773221133367,58.76423841181136
516,"(44.24399933987178, 62.625376109703296)",kazalinsk,,,,,44.24399933987178,62.625376109703296
517,"(-10.812724027803782, 8.786030850153765)",luanda,297.15,88.0,40.0,1.5,-10.812724027803782,8.786030850153765
518,"(30.864928401670724, 108.7201730815118)",wanxian,279.967,73.0,20.0,1.23,30.864928401670724,108.7201730815118
519,"(28.201707649534143, 42.13750006107085)",sakakah,,,,,28.201707649534143,42.13750006107085
520,"(54.41154382424858, 163.40164802854764)",ust-kamchatsk,,,,,54.41154382424858,163.40164802854764
521,"(74.15877393121727, 68.17400288986929)",aksarka,265.367,77.0,48.0,7.03,74.15877393121727,68.17400288986929
522,"(-17.528165428582156, -64.35281785116587)",comarapa,283.267,89.0,12.0,0.93,-17.528165428582156,-64.35281785116587
523,"(-3.0468606221836723, 13.718971212354774)",sibiti,294.267,100.0,92.0,1.63,-3.0468606221836723,13.718971212354774
524,"(5.31984763672736, -48.924350911892276)",saint-georges,249.367,53.0,0.0,0.98,5.31984763672736,-48.924350911892276
525,"(-33.08394696457157, 116.49744996108114)",collie,304.067,25.0,0.0,3.78,-33.08394696457157,116.49744996108114
526,"(2.8166377112565186, 43.69807877809782)",dinsor,,,,,2.8166377112565186,43.69807877809782
527,"(12.281082948045409, 25.008672191919572)",kutum,283.067,47.0,0.0,4.48,12.281082948045409,25.008672191919572
528,"(55.97503324913828, -5.853983335007143)",ardrishaig,278.27,69.0,80.0,6.2,55.97503324913828,-5.853983335007143
529,"(54.14277638657103, 92.04814534280263)",sayanskiy,,,,,54.14277638657103,92.04814534280263
530,"(67.31328613917896, -167.4605100352032)",nome,289.79,85.0,90.0,2.6,67.31328613917896,-167.4605100352032
531,"(45.0462364078964, 31.917608330875908)",lazurne,273.467,94.0,88.0,4.48,45.0462364078964,31.917608330875908
532,"(25.79341037800964, -105.9833728979308)",santa catarina de tepehuanes,275.767,82.0,0.0,1.38,25.79341037800964,-105.9833728979308
533,"(72.08813006264205, 14.9844719828873)",andenes,,,,,72.08813006264205,14.9844719828873
534,"(49.214746708548915, 6.083312530197617)",rombas,271.15,92.0,0.0,5.1,49.214746708548915,6.083312530197617
535,"(-25.45451102953612, 160.12952387657214)",voh,298.117,100.0,48.0,3.68,-25.45451102953612,160.12952387657214
536,"(49.071170598800364, 24.624750310386275)",yamnytsya,273.15,93.0,75.0,5.0,49.071170598800364,24.624750310386275
537,"(11.09589971982517, -128.47349315184456)",constitucion,278.217,60.0,0.0,1.88,11.09589971982517,-128.47349315184456
538,"(18.8924710967959, 27.872206867281818)",marawi,298.517,79.0,92.0,1.33,18.8924710967959,27.872206867281818
539,"(24.82632385017827, -79.45684666555154)",alice town,296.692,100.0,92.0,7.73,24.82632385017827,-79.45684666555154
540,"(42.090721740538726, 121.09586047035015)",beipiao,265.867,27.0,0.0,6.73,42.090721740538726,121.09586047035015
541,"(27.68552195235293, 113.7157528412435)",xiangdong,,,,,27.68552195235293,113.7157528412435
542,"(8.986285097712198, 98.26686131623546)",phangnga,305.15,59.0,20.0,6.7,8.986285097712198,98.26686131623546
543,"(-20.10524239057581, -32.354046640726324)",caravelas,298.892,100.0,76.0,4.28,-20.10524239057581,-32.354046640726324
544,"(21.800252392749627, -17.23113364617194)",nouadhibou,290.667,71.0,0.0,7.43,21.800252392749627,-17.23113364617194
545,"(69.46552200168964, -76.88524279490846)",clyde river,257.15,71.0,40.0,1.0,69.46552200168964,-76.88524279490846
546,"(39.338778803097625, 33.41578325774455)",kaman,264.917,72.0,0.0,1.33,39.338778803097625,33.41578325774455
547,"(43.09535147222954, 80.92762244559691)",yining,278.117,77.0,64.0,1.43,43.09535147222954,80.92762244559691
548,"(11.153703888149835, 111.4692814766903)",cam ranh,303.15,70.0,20.0,7.2,11.153703888149835,111.4692814766903
549,"(-10.113115430836572, 24.432538234000873)",kamina,292.567,100.0,92.0,1.83,-10.113115430836572,24.432538234000873
550,"(-30.769255019557527, -71.66884801360322)",ovalle,285.367,91.0,48.0,1.43,-30.769255019557527,-71.66884801360322
551,"(55.2236688957735, 12.725914323489604)",store heddinge,273.48,100.0,12.0,3.6,55.2236688957735,12.725914323489604
552,"(10.190000073518618, 129.83509594883628)",pilar,294.09,56.0,0.0,4.6,10.190000073518618,129.83509594883628
553,"(-1.8250805662678857, -40.31647485252503)",acarau,,,,,-1.8250805662678857,-40.31647485252503
554,"(-15.025959102892742, -62.548916396872)",urubicha,298.067,90.0,0.0,1.38,-15.025959102892742,-62.548916396872
555,"(44.05431829347896, 71.20166004632014)",mikhaylovka,260.317,76.0,44.0,1.78,44.05431829347896,71.20166004632014
556,"(39.05709586751618, -86.33571693374219)",bloomington,270.45,96.0,1.0,2.6,39.05709586751618,-86.33571693374219
557,"(-14.722028085772493, 134.68878782618486)",ngukurr,,,,,-14.722028085772493,134.68878782618486
558,"(26.0935278157109, -112.2446244125633)",mulege,281.542,100.0,0.0,1.98,26.0935278157109,-112.2446244125633
559,"(26.76029326890969, 42.91102223888993)",buraydah,288.15,100.0,20.0,2.6,26.76029326890969,42.91102223888993
560,"(-4.939074503834263, -166.0921770280156)",samusu,,,,,-4.939074503834263,-166.0921770280156
561,"(-31.081889297431736, 56.007159793626016)",saint-joseph,280.15,100.0,90.0,3.1,-31.081889297431736,56.007159793626016
562,"(42.384668180653165, 58.8253218044039)",akdepe,274.14,93.0,90.0,6.2,42.384668180653165,58.8253218044039
563,"(52.12637470550601, -44.782548939145244)",nanortalik,269.867,89.0,88.0,6.18,52.12637470550601,-44.782548939145244
564,"(23.650508971673688, 50.902297171834704)",abu samrah,281.517,91.0,20.0,3.93,23.650508971673688,50.902297171834704
565,"(-4.896285493109588, 109.11384916558137)",indramayu,298.042,96.0,56.0,1.63,-4.896285493109588,109.11384916558137
566,"(61.43989892284233, 131.9579713005043)",amga,242.617,33.0,64.0,1.18,61.43989892284233,131.9579713005043
567,"(52.767152240794616, 33.49321757882524)",ramasukha,,,,,52.767152240794616,33.49321757882524
568,"(48.685296973151765, 44.849493513531144)",srednyaya akhtuba,273.15,98.0,90.0,2.0,48.685296973151765,44.849493513531144
569,"(-16.314465874059948, -34.990435727930105)",belmonte,280.867,94.0,88.0,3.93,-16.314465874059948,-34.990435727930105
570,"(-32.93071343390102, 146.51674965520704)",griffith,291.58,93.0,90.0,8.7,-32.93071343390102,146.51674965520704
571,"(11.797527988467479, 117.56232645266232)",bacuit,,,,,11.797527988467479,117.56232645266232
572,"(20.386053738147467, -67.91831881994331)",samana,293.867,99.0,88.0,0.98,20.386053738147467,-67.91831881994331
573,"(29.45320541158185, -100.25670083484843)",uvalde,284.88,96.0,1.0,1.5,29.45320541158185,-100.25670083484843
574,"(49.67523531551697, -103.34311983408246)",weyburn,270.467,79.0,0.0,6.38,49.67523531551697,-103.34311983408246
575,"(32.38452761811638, -74.58880499243794)",havelock,276.71,96.0,1.0,1.18,32.38452761811638,-74.58880499243794
576,"(5.725671253573296, 43.05878086379562)",xuddur,298.892,68.0,0.0,6.13,5.725671253573296,43.05878086379562
577,"(-13.798626258644802, -80.4975305324465)",lima,293.15,82.0,0.0,3.6,-13.798626258644802,-80.4975305324465
578,"(39.43543463842394, 122.8809538798925)",zhuanghe,269.517,100.0,0.0,8.43,39.43543463842394,122.8809538798925
579,"(50.16050949435822, 134.2261604667683)",litovko,251.042,63.0,0.0,1.08,50.16050949435822,134.2261604667683
580,"(-4.422804980948612, 8.914662449184704)",mayumba,298.667,99.0,64.0,1.58,-4.422804980948612,8.914662449184704
581,"(28.837214750845888, 69.82164438870973)",rojhan,289.117,98.0,0.0,2.48,28.837214750845888,69.82164438870973
582,"(54.51054073495797, -71.33386241964587)",dolbeau,,,,,54.51054073495797,-71.33386241964587
583,"(27.204803562580793, 116.3156216924798)",linchuan,,,,,27.204803562580793,116.3156216924798
584,"(15.762904924702667, -65.77532065220385)",arroyo,272.72,69.0,90.0,4.1,15.762904924702667,-65.77532065220385
585,"(73.56293618303746, 3.2850365194490507)",sorland,278.15,86.0,75.0,6.7,73.56293618303746,3.2850365194490507
586,"(39.05196060130609, 105.59472179800667)",shitanjing,268.442,45.0,80.0,1.58,39.05196060130609,105.59472179800667
587,"(-1.0684060714543477, 171.16554614018884)",tabiauea,,,,,-1.0684060714543477,171.16554614018884
588,"(45.29744218789742, 74.87948305416214)",gulshat,,,,,45.29744218789742,74.87948305416214
589,"(6.534938035630731, -56.110241002462075)",totness,275.58,93.0,75.0,2.78,6.534938035630731,-56.110241002462075
590,"(39.311250771462255, 95.830374226878)",yumen,269.692,72.0,0.0,2.13,39.311250771462255,95.830374226878
591,"(13.54302082578073, -62.756278920712106)",barroualie,,,,,13.54302082578073,-62.756278920712106
592,"(-11.69842598525095, 45.50656090733844)",bandraboua,303.15,74.0,20.0,1.5,-11.69842598525095,45.50656090733844
593,"(0.1572887311557878, -2.2086410260831997)",axim,300.117,100.0,36.0,1.23,0.1572887311557878,-2.2086410260831997
594,"(55.79517171161032, -118.85966635451938)",spirit river,270.15,68.0,90.0,3.1,55.79517171161032,-118.85966635451938
595,"(54.89960691371215, 161.27412627360462)",klyuchi,256.717,68.0,48.0,3.78,54.89960691371215,161.27412627360462
596,"(27.927738294605618, 71.94468773019861)",phalodi,291.142,67.0,0.0,2.73,27.927738294605618,71.94468773019861
597,"(-11.270037858499691, 25.827795486160397)",kambove,291.017,96.0,76.0,1.38,-11.270037858499691,25.827795486160397
598,"(9.926079035602484, 76.135821984328)",kochi,302.15,74.0,40.0,3.6,9.926079035602484,76.135821984328
599,"(1.1789706543789151, 96.59265241391233)",sibolga,299.867,83.0,32.0,0.43,1.1789706543789151,96.59265241391233
600,"(88.39388940802874, 166.1439785936742)",pevek,247.892,100.0,64.0,1.53,88.39388940802874,166.1439785936742
601,"(52.21500670300114, 140.3753784622105)",bogorodskoye,249.967,68.0,0.0,1.18,52.21500670300114,140.3753784622105
602,"(48.19081604335605, 86.21978966351094)",zaysan,268.917,89.0,32.0,0.23,48.19081604335605,86.21978966351094
603,"(61.24334173294136, 118.73230486274753)",suntar,255.917,71.0,76.0,2.68,61.24334173294136,118.73230486274753
604,"(33.46211533903042, -14.316148345578085)",camacha,291.58,88.0,75.0,6.7,33.46211533903042,-14.316148345578085
605,"(35.50002862098272, -113.86279801167866)",kingman,284.45,19.0,1.0,8.7,35.50002862098272,-113.86279801167866
606,"(17.63824324348262, 104.06816769381248)",na wa,299.22,50.0,0.0,3.6,17.63824324348262,104.06816769381248
607,"(-42.123014512071784, -95.53222662942801)",ancud,282.15,87.0,80.0,1.5,-42.123014512071784,-95.53222662942801
608,"(68.06026264974142, 83.42115637616075)",karaul,,,,,68.06026264974142,83.42115637616075
609,"(23.786440128485822, 91.63438649469782)",amarpur,299.15,65.0,0.0,1.43,23.786440128485822,91.63438649469782
610,"(58.22419718212495, 55.075296732494365)",mendeleyevo,272.84,100.0,90.0,6.0,58.22419718212495,55.075296732494365
611,"(-53.64079758621886, 25.8838090827536)",kruisfontein,292.267,82.0,0.0,4.13,-53.64079758621886,25.8838090827536
612,"(37.01673466158074, -21.93402622973875)",vila franca do campo,284.15,81.0,40.0,1.5,37.01673466158074,-21.93402622973875
613,"(30.615316282461805, 84.6157348520818)",pokhara,285.692,55.0,88.0,0.73,30.615316282461805,84.6157348520818
614,"(6.588133993639943, 95.84736521649091)",sabang,299.192,98.0,88.0,5.63,6.588133993639943,95.84736521649091
615,"(19.526876100039217, 58.625073960360766)",ibra,294.892,55.0,0.0,1.18,19.526876100039217,58.625073960360766
616,"(-23.76271216684647, 137.26670776350448)",alice springs,307.15,23.0,0.0,5.7,-23.76271216684647,137.26670776350448
617,"(32.409249316688175, 78.37414406800917)",sarahan,261.442,96.0,76.0,0.43,32.409249316688175,78.37414406800917
618,"(-18.747549319639035, -50.80733687389477)",cacu,294.667,82.0,32.0,3.48,-18.747549319639035,-50.80733687389477
